,0,1,2,3,4,5,6,7,8,9,10,11,12,13,14,15,16,17,18,19,Assertion
0,0.0,0.0,0.0,0.0,0.0,0.0,0.0,0.04475410655140877,0.0,0.011070211417973042,0.0,0.8667992353439331,0.01656530797481537,0.0,0.0,0.0,0.0,0.0,0.0,0.0,Access resources required to scale at relatively low cost or for free by creating benefits for the resource owners that they cannot create alone
1,0.011585872620344162,0.23095718026161194,0.0,0.01292209792882204,0.0,0.010838935151696205,0.013029922731220722,0.0867801234126091,0.010776834562420845,0.029979601502418518,0.44242939352989197,0.03223055601119995,0.045561015605926514,0.010156260803341866,0.0,0.0,0.0,0.0,0.0,0.01896716095507145,Adapt offers to each market
2,0.0,0.010264267213642597,0.0,0.0,0.0,0.16912035644054413,0.0,0.6715014576911926,0.0,0.01826007291674614,0.0,0.019685331732034683,0.027586307376623154,0.0,0.0,0.0,0.0,0.0,0.0,0.011549359187483788,"Align interests of investors, the company top management team, and its owners"
3,0.0,0.12441807985305786,0.0,0.0,0.0,0.2364933043718338,0.0,0.046136535704135895,0.0,0.1329767256975174,0.0,0.017363926395773888,0.3686653673648834,0.0,0.0,0.0,0.0,0.0,0.0,0.010217699222266674,Allow resource owners to make money using your products and services
4,0.0,0.0,0.0,0.9499059319496155,0.0,0.0,0.0,0.01403519231826067,0.0,0.0,0.0,0.0,0.0,0.0,0.0,0.0,0.0,0.0,0.0,0.0,"Apply big data analytics to produce insightful information about users, suppliers and customers to enhance shopping pattern analysis, improve customers experience, predict market trends, provide more secure online payment solutions, increase personalization, optimize and automate pricing, and provide dynamic customer service"
5,0.0,0.0,0.0,0.0,0.0,0.0,0.0,0.043230172246694565,0.0,0.8506420254707336,0.0,0.014092775993049145,0.01982511393725872,0.0,0.0,0.0,0.0,0.0,0.0,0.0,"Apply digital technology to brand, market, sell, and service customers more cost effectively than competitors"
6,0.1827043741941452,0.0,0.0,0.0,0.0,0.0,0.0,0.04245518893003464,0.0,0.013130624778568745,0.0,0.6744629144668579,0.020107142627239227,0.0,0.0,0.0,0.0,0.0,0.0,0.0,"Apply processes that continuously improve the cybersecurity of the company as well as its offers, channels, and resources"
7,0.0,0.0,0.0,0.12407461553812027,0.0,0.0,0.0,0.5136250257492065,0.0,0.016159450635313988,0.0,0.0174282044172287,0.2468022257089615,0.0,0.0,0.0,0.0,0.0,0.0,0.010218179784715176,"Apply processes that make offers easier to understand, produce and deliver"
8,0.0,0.010264383628964424,0.0,0.0,0.7785656452178955,0.0,0.0,0.05843868851661682,0.0,0.018252741545438766,0.0,0.019673487171530724,0.027628112584352493,0.0,0.0,0.0,0.0,0.0,0.0,0.011549553833901882,Arrange and deploy differently existing company resources
9,0.0,0.0,0.0,0.0,0.0,0.0,0.38936886191368103,0.046486519277095795,0.0,0.016158366575837135,0.0,0.017355695366859436,0.024207523092627525,0.43004775047302246,0.0,0.0,0.0,0.0,0.0,0.010217438451945782,"Assimilate and apply what companies do to scale early, rapidly and securely"
10,0.0,0.0,0.0,0.1222778707742691,0.0,0.0,0.0,0.03748827055096626,0.0,0.7397502064704895,0.0,0.014086976647377014,0.019844958558678627,0.0,0.0,0.0,0.0,0.0,0.0,0.0,Attain positions in cross border networks which provide access to privileged information
11,0.0,0.0,0.0,0.0,0.0,0.0,0.0,0.8684763312339783,0.0,0.01448045577853918,0.0,0.015602014027535915,0.02176007814705372,0.0,0.0,0.0,0.0,0.0,0.0,0.0,Automate the existing processes that add the most benefits to customers and require the most human intervention
12,0.0,0.0,0.0,0.6398333311080933,0.0,0.11914391070604324,0.0,0.037488359957933426,0.09842509031295776,0.013120553456246853,0.0,0.014088068157434464,0.020810566842556,0.0,0.0,0.0,0.0,0.0,0.0,0.0,"Automatically extract the information a user, customer, investor or stakeholder wants from a vast amount of information"
13,0.0,0.0,0.0,0.0,0.0,0.0,0.0,0.8909996747970581,0.0,0.011997653171420097,0.0,0.0129218939691782,0.018053947016596794,0.0,0.0,0.0,0.0,0.0,0.0,0.0,Be responsible and accountable for creating and making visible the quantifiable benefits the company delivers its stakeholders
14,0.0,0.0,0.0,0.0,0.0,0.0,0.0,0.14895956218242645,0.0,0.0,0.0,0.7838134169578552,0.01260756142437458,0.0,0.0,0.0,0.0,0.0,0.0,0.0,"Build and deploy unique and difficult to imitate skills and capabilities to select, combine, and use the resource combinations that create and capture high company value"
15,0.0,0.010264499112963676,0.0,0.0,0.0,0.0,0.0,0.052149876952171326,0.0,0.01830240711569786,0.2704531252384186,0.28032898902893066,0.027362706139683723,0.13655135035514832,0.0,0.0,0.13380597531795502,0.0,0.0,0.011549168266355991,Build operational cross border capabilities early
16,0.0,0.0,0.0,0.0,0.0,0.0,0.0,0.04246528446674347,0.0,0.014477833174169064,0.0,0.8416245579719543,0.021755728870630264,0.0,0.0,0.0,0.0,0.0,0.0,0.0,Build company wide capability to combine diverse resources and deploy them in a profitable way
17,0.0,0.0,0.0,0.0,0.0,0.0,0.0,0.039508167654275894,0.0,0.011057945899665356,0.0,0.8718012571334839,0.016818206757307053,0.0,0.0,0.0,0.0,0.0,0.0,0.0,Build internet based capabilities to acquire and retain customers during the initial stages of company lifecycle
18,0.011586111970245838,0.016857517883181572,0.0,0.01292236614972353,0.0,0.010839159600436687,0.01303019281476736,0.08564641326665878,0.010777058079838753,0.029975395649671555,0.01604517549276352,0.032167308032512665,0.04493812471628189,0.010156471282243729,0.0,0.0,0.6479689478874207,0.0,0.0,0.018967347219586372,Champion the opportunity with confidence
19,0.0,0.010264403186738491,0.0,0.0,0.0,0.242622971534729,0.0,0.059275154024362564,0.0,0.018253730610013008,0.0,0.1828739196062088,0.027907200157642365,0.0,0.0,0.0,0.0,0.0,0.3787185251712799,0.011550066992640495,Combine resources that make your company distinct to resource owners and pay for themselves
20,0.0,0.0,0.0,0.0,0.0,0.24543775618076324,0.0,0.04502173885703087,0.0,0.01312035322189331,0.0,0.014185856096446514,0.01966959983110428,0.0,0.0,0.0,0.0,0.0,0.4664251208305359,0.13949507474899292,Combine two or more resources to create value that exceeds the sum of the value created from each resource separately
21,0.0,0.0,0.0,0.0,0.0,0.22514143586158752,0.0,0.04012572020292282,0.0,0.011996610090136528,0.0,0.4449656307697296,0.01812523603439331,0.0,0.0,0.0,0.0,0.0,0.20026342570781708,0.0,Combine company resources with those of other resource owners to create value that cannot be created by your company alone
22,0.0,0.0,0.0,0.0,0.0,0.0,0.0,0.13833235204219818,0.0,0.011996977031230927,0.7590542435646057,0.012903655879199505,0.01811215840280056,0.0,0.0,0.0,0.0,0.0,0.0,0.0,Communicate and demonstrate the importance the company places on the security of information acquired from and transferred between stakeholders
23,0.0,0.0,0.0,0.0,0.0,0.0,0.0,0.10973921418190002,0.0,0.012008139863610268,0.0,0.7939780950546265,0.018253309652209282,0.0,0.0,0.0,0.0,0.0,0.0,0.0,"Concurrently improve the offers to your customers, investors and other resource owners as well as in the mechanisms required to scale"
24,0.0,0.0,0.0,0.0722787156701088,0.0,0.0,0.0,0.02901444211602211,0.0,0.0,0.0,0.8263575434684753,0.01439923606812954,0.0,0.0,0.0,0.0,0.0,0.0,0.0,"Concurrently sell existing company offers, a compelling image of the company that will exist in the future, and the benefits of the unique information you collect"
25,0.16255639493465424,0.0,0.0,0.0,0.0,0.0,0.0,0.0354304201900959,0.0,0.011996968649327755,0.0,0.01288387831300497,0.7157447934150696,0.0,0.0,0.0,0.0,0.0,0.0,0.0,"Continuously improve individuals, operations and infrastructures to advance and deliver a portfolio of innovative offers "
26,0.9125502109527588,0.0,0.0,0.0,0.0,0.0,0.0,0.021454401314258575,0.0,0.0,0.0,0.0,0.012079182080924511,0.0,0.0,0.0,0.0,0.0,0.0,0.0,"Continuously improve the user interfaces and applications that directly influence the entirety of the customer experience including personalized content, quality messaging, and the delivery and returns process"
27,0.2288530468940735,0.0,0.0,0.0,0.0,0.2240806668996811,0.0,0.06122567504644394,0.12467388808727264,0.016147173941135406,0.0,0.13392622768878937,0.14011363685131073,0.0,0.0,0.0,0.0,0.0,0.0,0.010217809118330479,Continuously improve value propositions based on results and feedback
28,0.0,0.0,0.0,0.0,0.0,0.0,0.0,0.02973780781030655,0.0,0.010241721756756306,0.0,0.010992513038218021,0.8926643133163452,0.0,0.0,0.0,0.0,0.0,0.0,0.0,Continuously use customer feedback to support rapid offer iterations and enable co-creation of customized products and services 
29,0.0,0.0,0.0,0.0,0.0,0.0,0.0,0.047483548521995544,0.0,0.016150571405887604,0.0,0.017330817878246307,0.6536492705345154,0.0,0.0,0.0,0.0,0.0,0.0,0.18673411011695862,Define the ideal target customers profiles and engage them relentlessly
30,0.0,0.0,0.0,0.0,0.0,0.0,0.0,0.023604966700077057,0.0,0.0,0.0,0.0,0.9163605570793152,0.0,0.0,0.0,0.0,0.0,0.0,0.0,"Constantly monitor customers buying habits and deliver offers that are convenient, cater to customer demands, are secure and offer excellent customer experience "
31,0.0,0.0,0.0,0.0,0.0,0.0,0.0,0.02382790856063366,0.0,0.0,0.0,0.9124516844749451,0.01218541618436575,0.0,0.0,0.0,0.0,0.0,0.0,0.0,Develop a compelling image of your future company and use it to convince investors to provide funding and resource owners to provide resources the company needs to scale
32,0.0,0.0,0.0,0.0,0.0,0.0,0.0,0.042883627116680145,0.0,0.011131367646157742,0.1254173219203949,0.6494113206863403,0.11625123769044876,0.0,0.0,0.0,0.0,0.0,0.0,0.0,"Develop and sell products and services that address a problem, job to be done or a need that is widespread, growing, important, urgent, and manifests itself in diverse ways"
33,0.0,0.0,0.0,0.0,0.0,0.0,0.10970728099346161,0.0423402339220047,0.0,0.014478487893939018,0.0,0.7382577657699585,0.02182837389409542,0.0,0.0,0.0,0.0,0.0,0.0,0.0,"Develop and sell offers that are hard to replicate, original, fit successful commercialization patterns, and ride an external trend"
34,0.0,0.0,0.0,0.0,0.0,0.28114861249923706,0.0,0.03547171130776405,0.5022152066230774,0.0,0.0,0.12322923541069031,0.012121206149458885,0.0,0.0,0.0,0.0,0.0,0.0,0.0,Develop value propositions for each investor and resource owner with three components: i) What benefits your company provides; ii) What you want in return; and iii) Why they should choose your offer instead of alternatives
35,0.0,0.8835088610649109,0.0,0.0,0.0,0.0,0.0,0.02930140122771263,0.0,0.010241517797112465,0.0,0.010990415699779987,0.015353744849562645,0.0,0.0,0.0,0.0,0.0,0.0,0.0,"Eliminate communication and coordination barriers with partners that are geographically separate, institutionally distant, and operate in different time zones"
36,0.0,0.0,0.0,0.0,0.0,0.0,0.0,0.011927307583391666,0.0,0.0,0.9533003568649292,0.0,0.0,0.0,0.0,0.0,0.0,0.0,0.0,0.0,"Embed and operate in cross border markets: i) work with locals and help them succeed, ii) adjust offers to meet local needs, iii) target customer segments that are different than those targeted in home region, iv) use internet to market and promote offers to locals, and v) develop relationships with leaders in communities with information and resources that are important to succeeding in the cross border market"
37,0.0,0.013884545303881168,0.0,0.010643391869962215,0.0,0.0,0.010732202790677547,0.0771966353058815,0.0,0.024690989404916763,0.4313904047012329,0.02662116475403309,0.31744134426116943,0.0,0.0,0.0,0.0,0.0,0.0,0.015623323619365692,Enable locals to succeed because of new company
38,0.0,0.0,0.0,0.0,0.0,0.0,0.0,0.394824355840683,0.0,0.014479048550128937,0.0,0.01564563438296318,0.4953683018684387,0.0,0.0,0.0,0.0,0.0,0.0,0.0,Enable power users to help improve company offers using the internet
39,0.0,0.0,0.0,0.0,0.0,0.0,0.0,0.04737652465701103,0.0,0.016147037968039513,0.0,0.017367593944072723,0.8302469253540039,0.0,0.0,0.0,0.0,0.0,0.0,0.010217275470495224,Enable users to participate in the rapid development of company offers
40,0.0,0.0,0.0,0.0,0.0,0.0,0.0,0.04188678786158562,0.0,0.01447838544845581,0.3176814615726471,0.015535556711256504,0.021703362464904785,0.5216960310935974,0.0,0.0,0.0,0.0,0.0,0.0,Enter a different geographical market by partnering with or purchasing local companies
41,0.7575798034667969,0.01180338952690363,0.0,0.0,0.0,0.0,0.0,0.05996834114193916,0.0,0.020993508398532867,0.011234592646360397,0.022523069754242897,0.03154003992676735,0.0,0.0,0.0,0.0,0.0,0.0,0.013280652463436127,Expand brand coverage and eliminate intermediaries
42,0.0,0.0,0.0,0.0,0.0,0.0,0.0,0.6828081011772156,0.0,0.013122559525072575,0.2050001472234726,0.014107171446084976,0.01976891979575157,0.0,0.0,0.0,0.0,0.0,0.0,0.0,"Improve links, interactions and shared purpose with locals in each region the company operates"
43,0.0,0.013884716667234898,0.0,0.01064352411776781,0.0,0.707980215549469,0.010732335038483143,0.07682933658361435,0.0,0.02468927390873432,0.013215629383921623,0.02653965912759304,0.03701334446668625,0.0,0.0,0.0,0.0,0.0,0.0,0.015622789040207863,Incorporate cybersecurity into value propositions
44,0.0,0.011803803034126759,0.0,0.0,0.0,0.0,0.0,0.8094472885131836,0.0,0.0209890715777874,0.011234992183744907,0.022585611790418625,0.03146612271666527,0.0,0.0,0.0,0.0,0.0,0.0,0.013281308114528656,Invest to improve cybersecurity of the value chain
45,0.0,0.0,0.0,0.0,0.0,0.0,0.7280532717704773,0.09052301198244095,0.0,0.0,0.0,0.12456575036048889,0.01132728811353445,0.0,0.0,0.0,0.0,0.0,0.0,0.0,"Make decisions on how to best deploy a combination of external and internal resources to create high value, not just decisions about the use of the resources the company owns, while complying with cultural, legal, regulatory, and other relevant norms"
46,0.0,0.01180320605635643,0.0,0.0,0.0,0.0,0.0,0.06117265671491623,0.0,0.02100282907485962,0.20612773299217224,0.022554650902748108,0.5848701596260071,0.0,0.0,0.0,0.0,0.0,0.0,0.013280862011015415,Provide a variety of complementary offers to each market
47,0.0,0.09411298483610153,0.0,0.0,0.0,0.0,0.0,0.03788077086210251,0.7698053121566772,0.01220786664634943,0.0,0.012879559770226479,0.01815161667764187,0.0,0.0,0.0,0.0,0.0,0.0,0.0,"Offer investors higher returns, shorter time to payoffs and lower risks relative to other opportunities"
48,0.0,0.0,0.0,0.0,0.0,0.0,0.0,0.046135835349559784,0.0,0.01615055650472641,0.0,0.017430124804377556,0.8314191699028015,0.0,0.0,0.0,0.0,0.0,0.0,0.010217352770268917,Provide rewards that satisfy customer needs for recognition of their loyalty
49,0.0,0.0,0.0,0.0,0.0,0.0,0.0,0.034276388585567474,0.0,0.8688440322875977,0.0,0.012873617932200432,0.017984600737690926,0.0,0.0,0.0,0.0,0.0,0.0,0.0,"Coordinate, evaluate and share knowledge between headquarters, cross border units and among the units themselves"
50,0.0,0.0,0.0,0.0,0.0,0.0,0.0,0.04613550752401352,0.0,0.01614696905016899,0.0,0.4786621928215027,0.02420700527727604,0.0,0.0,0.3506307601928711,0.0,0.0,0.0,0.010217218659818172,Orchestrate a community comprised of the owners of the resources required to scale
51,0.0,0.0,0.0,0.0,0.0,0.0,0.0,0.9270333647727966,0.0,0.038124147802591324,0.0,0.0,0.0,0.0,0.0,0.0,0.0,0.0,0.0,0.0,"Perpetuate a company scaling culture that includes high growth ambitions, delivering new benefits to customers, embedding in communities led by fast growth companies, keeping the company and its partners secure from cyberattacks, attracting investment, exceeding high standards, continuous improvement, experimentation, iteration, learning, and short feedback loops"
52,0.0,0.0,0.23242008686065674,0.0,0.0,0.0,0.0,0.2166813462972641,0.0,0.013129742816090584,0.0,0.01410740241408348,0.11357865482568741,0.0,0.0,0.0,0.0,0.0,0.0,0.3490968942642212,Provide evidence that supports why stakeholders should believe the company will be able to deliver on its value propositions
53,0.0,0.0,0.0,0.0,0.0,0.17570576071739197,0.0,0.08726785331964493,0.0,0.6430206298828125,0.0,0.01307887677103281,0.01923847571015358,0.0,0.0,0.0,0.0,0.0,0.0,0.0,Provide returns that leave the most important resource owners better off than they would have if they had not contributed to the company
54,0.13742637634277344,0.010264742188155651,0.0,0.0,0.0,0.0,0.39902061223983765,0.052618686109781265,0.0,0.14862160384655,0.0,0.019724614918231964,0.15712647140026093,0.0,0.0,0.0,0.0,0.0,0.0,0.011549441143870354,Sell high quality offers at lower prices compared to competitors
55,0.0,0.0,0.0,0.0,0.0,0.0,0.0,0.04613744094967842,0.0,0.01614764705300331,0.0,0.017334843054413795,0.8315127491950989,0.0,0.0,0.0,0.0,0.0,0.0,0.010217647068202496,Sell online using a variety of online and offline promotional channels
56,0.0,0.0,0.0,0.0,0.0,0.0,0.0,0.04630455747246742,0.0,0.13242442905902863,0.6994209885597229,0.017337625846266747,0.0242898091673851,0.0,0.0,0.0,0.0,0.0,0.0,0.01021784357726574,Sell offers that the target market perceives better than available alternatives
57,0.0,0.011803211644291878,0.0,0.0,0.0,0.0,0.0,0.07258332520723343,0.0,0.020990749821066856,0.011234475299715996,0.022696342319250107,0.032239481806755066,0.7430940270423889,0.0,0.0,0.0,0.0,0.0,0.013281859457492828,Shape an ethical culture for all company activities
58,0.0,0.0,0.0,0.0,0.0,0.0,0.0,0.5586364269256592,0.0,0.012016164138913155,0.2514643371105194,0.10028667002916336,0.017987379804253578,0.0,0.0,0.0,0.0,0.0,0.0,0.0,"Simultaneously develop global learning capabilities, cross border flexibility, and global competitiveness"
59,0.0,0.0,0.0,0.0,0.0,0.0,0.0,0.33005252480506897,0.0,0.0,0.0,0.10375022143125534,0.0,0.0,0.0,0.0,0.0,0.0,0.04161708429455757,0.48376160860061646,"Specify the kinds of innovation that are important for the company (e.g., technological capabilities that are hard to imitate, business model innovation, rapid routine innovation), how the innovation will create value for stakeholders, and how the company will capture part of the value created as revenue"
60,0.0,0.0,0.0,0.0,0.0,0.0,0.0,0.9352833032608032,0.0,0.0,0.0,0.0,0.010713216848671436,0.0,0.0,0.0,0.0,0.0,0.0,0.0,"To start a business, create an offer to solve a specific problem in a specific market segment, ensure that the offer fits the market, and validate that your business model is scalable and profitable"
61,0.0,0.010264660231769085,0.0,0.0,0.0,0.0,0.0,0.05307595059275627,0.0,0.1486203968524933,0.0,0.01977434754371643,0.029535610228776932,0.0,0.6533622145652771,0.0,0.0,0.0,0.0,0.011549349874258041,Strengthen cybersecurity attributes of offers compared to competitors
62,0.0,0.0,0.0,0.0,0.0,0.0,0.0,0.04619284346699715,0.0,0.01614794321358204,0.0,0.8244428038597107,0.024347390979528427,0.0,0.0,0.0,0.0,0.0,0.0,0.010217835195362568,Incorporate new technologies satisfying a popular trend to upgrade offers
63,0.08879952132701874,0.0,0.575630784034729,0.0,0.0,0.0,0.0,0.03288879618048668,0.0,0.01024450920522213,0.0,0.011019445024430752,0.015546075068414211,0.0,0.0,0.0,0.0,0.0,0.0,0.22222685813903809,Use an end to end solution that links procurement directly with end customers to eliminate or reduce inventory and the number of intermediaries between the company and customers
64,0.0,0.0,0.0,0.8595797419548035,0.0,0.0,0.0,0.03524794802069664,0.0,0.012014367617666721,0.0,0.012881046161055565,0.019425546750426292,0.0,0.0,0.0,0.0,0.0,0.0,0.0,"Use physical brick and mortar stores to allow customers to test products, but use online channels for the bulk of sales"
65,0.0,0.5308194160461426,0.0,0.0,0.0,0.0,0.0,0.05343304201960564,0.0,0.01825314573943615,0.2696150243282318,0.019631877541542053,0.027826426550745964,0.0,0.0,0.0,0.0,0.0,0.0,0.01155188586562872,Use scientific and technological advances to develop innovative offers
66,0.0,0.0,0.0,0.0,0.0,0.0,0.0,0.038280557841062546,0.0,0.013121835887432098,0.0,0.01408135425299406,0.8623011708259583,0.0,0.0,0.0,0.0,0.0,0.0,0.0,"Use trusted platforms which enable payments, refunds, logistics, data analytics and offer localization"
67,0.0,0.8822671175003052,0.0,0.0,0.0,0.0,0.0,0.018574027344584465,0.052819907665252686,0.0,0.0,0.0,0.0,0.0,0.0,0.0,0.0,0.0,0.0,0.0,"When you ask investors for money, clearly articulate: i) Why you need the money; ii) What amount you need; iii) What you are promising to return and under what conditions; iv) What you are going to do with the money to create returns for investors; and v) your governance model and the names and biographies of the people who sit on your Board of Directors and your Board of Advisors"
68,0.0,0.0,0.0,0.0,0.0,0.0,0.0,0.771271288394928,0.0,0.014497827738523483,0.0,0.11155547946691513,0.022994952276349068,0.0,0.0,0.0,0.0,0.0,0.0,0.0,"Offer benefits to key stakeholders that are important, differentiated from, and superior to, competing offers"
69,0.0,0.0,0.0,0.0,0.0,0.0,0.0,0.8996753096580505,0.0,0.011050738394260406,0.0,0.011867585591971874,0.0165952667593956,0.0,0.0,0.0,0.0,0.0,0.0,0.0,"Develop value propositions that enhance your customers and suppliers outcomes, marketing strategies, and competitive advantages"
70,0.0,0.0,0.0,0.0,0.0,0.0,0.0,0.7274734973907471,0.0,0.0,0.0,0.20099441707134247,0.013423199765384197,0.0,0.0,0.0,0.0,0.0,0.0,0.0,"Incorporate elements of value into your value propositions to stakeholders that address four kinds of needs - functional, emotional, life changing, and social impact"
71,0.0,0.0,0.0,0.0,0.0,0.0,0.0,0.8809205293655396,0.0,0.013120651245117188,0.0,0.01408008299767971,0.019670046865940094,0.0,0.0,0.0,0.0,0.0,0.0,0.0,"Integrate environmental, economic, and social aspects of value into the value propositions for your key stakeholders"
72,0.0,0.013884409330785275,0.0,0.010643278248608112,0.0,0.0,0.01073208637535572,0.34068840742111206,0.0,0.02469845674932003,0.013215454295277596,0.026562415063381195,0.47217580676078796,0.0,0.0,0.0,0.0,0.0,0.0,0.01562450360506773,"Deliver high value to customers before, during and after they use your offers"
73,0.0,0.0,0.0,0.0,0.0,0.0,0.0,0.4886733591556549,0.0,0.0,0.0,0.01026899740099907,0.014368919655680656,0.4278569519519806,0.0,0.0,0.0,0.0,0.0,0.0,"Develop value propositions for employees that enhance employee satisfaction, psychological attachment, and behavioral commitment toward your company"
74,0.0,0.0,0.0,0.0,0.0,0.0,0.0,0.027527937665581703,0.0,0.0,0.0,0.8960531949996948,0.014307519420981407,0.0,0.0,0.0,0.0,0.0,0.0,0.0,"The required investment and the resulting most significant stakeholder benefits should be quantified in specific, measurable, attainable, relevant and time-bound terms"
75,0.0,0.0,0.0,0.0,0.0,0.0,0.35882043838500977,0.5016393661499023,0.0,0.016147343441843987,0.0,0.01732809841632843,0.02421783097088337,0.0,0.0,0.0,0.0,0.0,0.0,0.010217864997684956,"Align value propositions for stakeholders in a way that they support, agree with and reinforce each other"
76,0.0,0.013884380459785461,0.0,0.010643266141414642,0.0,0.34434279799461365,0.010732075199484825,0.09028209745883942,0.0,0.20103316009044647,0.1870851367712021,0.026514187455177307,0.03701244667172432,0.0,0.0,0.0,0.0,0.0,0.0,0.015622805804014206,"Develop value propositions for those who pay, not just those who benefit"
77,0.0,0.0,0.0,0.0,0.0,0.0,0.0,0.9189082980155945,0.0,0.0,0.0,0.0,0.013393950648605824,0.0,0.0,0.0,0.0,0.0,0.0,0.0,Develop value propositions for key members of the value chain that align with key members value propositions as well as improve the competence of the value chain
78,0.1215321347117424,0.0,0.0,0.0,0.0,0.0,0.0,0.7375960946083069,0.0,0.016150768846273422,0.0,0.0173406470566988,0.024752968922257423,0.0,0.0,0.0,0.0,0.0,0.0,0.010218797251582146,Continuously find new and innovative ways to offer value to customers in existing and new markets
79,0.0,0.0,0.0,0.0,0.0,0.0,0.0,0.047475334256887436,0.5790070295333862,0.016146954149007797,0.0,0.24995248019695282,0.024359501898288727,0.0,0.0,0.0,0.0,0.0,0.0,0.010217704810202122,Continuously create new markets and serve broader stakeholder needs
80,0.0,0.0,0.0,0.0,0.0,0.4849891662597656,0.0,0.043482281267642975,0.0,0.3703135550022125,0.0,0.014080173335969448,0.01967017352581024,0.0,0.0,0.0,0.0,0.0,0.0,0.0,Align investor value propositions with scaling master plan objectives so they are mutually reinforcing
81,0.0,0.0,0.0,0.0,0.0,0.15820518136024475,0.0,0.06169624254107475,0.0,0.011996926739811897,0.0,0.012929526157677174,0.018227992579340935,0.6793264746665955,0.0,0.0,0.0,0.0,0.0,0.0,"Learn from value propositions of companies that have scaled early, rapidly and securely and use them to differentiate your company"
82,0.0,0.0,0.0,0.0,0.0,0.85894775390625,0.0,0.09820224344730377,0.0,0.0,0.0,0.0,0.0,0.0,0.0,0.0,0.0,0.0,0.0,0.0,"To align the value propositions for customers, investors, and resource owners, make explicit the benefits: (i) an investor gains by the presence of the customer and resource owner, (ii) a customer gains by the presence of the investor and the resource owner, and (iii) the resource owner gains by the presence of the customer and the investors"
83,0.0,0.0,0.0,0.0,0.0,0.5098092555999756,0.0,0.031327515840530396,0.0,0.0,0.0,0.010353929363191128,0.014323879964649677,0.0,0.0,0.0,0.0,0.0,0.0,0.381605327129364,"To align value propositions for customers, investors, and resource owners, co-create a unique resource combination that did not previously exist"
84,0.0,0.0,0.0,0.0,0.0,0.0,0.0,0.5583259463310242,0.0,0.3246866464614868,0.0,0.015610646456480026,0.021703429520130157,0.0,0.0,0.0,0.0,0.0,0.0,0.0,Align value propositions for all relevant stakeholders by developing an objective that benefits them all
85,0.0,0.0,0.0,0.09937238693237305,0.0,0.0,0.0,0.22729498147964478,0.0,0.01312041562050581,0.0,0.014079829677939415,0.01966969482600689,0.0,0.0,0.0,0.0,0.0,0.0,0.5682138204574585,Track changes in stakeholders value propositions and use the information to realign the value propositions
86,0.0,0.0,0.0,0.0,0.0,0.0,0.0,0.26482629776000977,0.1082429587841034,0.10560408979654312,0.0,0.012951118871569633,0.01825288124382496,0.0,0.0,0.0,0.4306809902191162,0.0,0.0,0.0,"Align communication with investors on company risks, opportunities, and economics for successful fundraising rounds"
87,0.4192231297492981,0.0,0.0,0.0,0.0,0.0,0.0,0.04292174056172371,0.31386202573776245,0.014477107673883438,0.0,0.015539983287453651,0.1251029521226883,0.0,0.0,0.0,0.0,0.0,0.0,0.0,Implement a stakeholder centric approach to satisfy stakeholder expectations in all markets
88,0.0,0.0,0.0,0.0,0.0,0.0,0.0,0.32130563259124756,0.0,0.0,0.0,0.010256271809339523,0.6063730716705322,0.0,0.0,0.0,0.0,0.0,0.0,0.0,Collaborate with the company value chain to determine optimal offers that achieve customer fulfillment and enhance customer value
89,0.0,0.8362287282943726,0.0,0.0,0.0,0.0,0.0,0.05114269629120827,0.0,0.0131335174664855,0.0,0.014090089127421379,0.0205726008862257,0.0,0.0,0.0,0.0,0.0,0.0,0.0,Work with partners that can Implement flexible automation for small batch production to satisfy customers
90,0.0,0.0,0.0,0.0,0.0,0.8191075325012207,0.07385401427745819,0.028011666610836983,0.0,0.0,0.0,0.010245689190924168,0.014306805096566677,0.0,0.0,0.0,0.0,0.0,0.0,0.0,"Incorporate how high value created from selection, combination and deployment resource decisions will be distributed to resource owners into the scaling master plan"
91,0.0,0.010264676995575428,0.0,0.13824127614498138,0.0,0.0,0.0,0.05422540381550789,0.0,0.018252957612276077,0.0,0.019656125456094742,0.6770424246788025,0.0,0.0,0.0,0.0,0.0,0.0,0.01154972892254591,"Expand information about the company, its offers, its achievements, and its affiliations"
92,0.011585956439375877,0.016857290640473366,0.0,0.012922191992402077,0.6311185359954834,0.010839013382792473,0.013030016794800758,0.09960083663463593,0.010776912793517113,0.029978523030877113,0.01604514755308628,0.03252173960208893,0.04675055667757988,0.01015633437782526,0.0,0.0,0.0,0.0,0.0,0.01896890252828598,Broaden company offers
93,0.0,0.0,0.0,0.0,0.0,0.0,0.0,0.047025199979543686,0.0,0.013121905736625195,0.10321167856454849,0.014293440617620945,0.019853517413139343,0.0,0.0,0.0,0.0,0.0,0.0,0.7456101775169373,Develop an innovative product that adds more benefits to target customers relative to competitor products
94,0.0,0.0,0.0,0.0,0.0,0.0,0.0,0.03529272601008415,0.0,0.0,0.0,0.01026711892336607,0.014412636868655682,0.0,0.0,0.0,0.0,0.0,0.0,0.8839858770370483,Provide investors with evidence that the proposed business model and target market can generate enough sales for the new company to be investable 
95,0.0,0.0,0.0,0.0,0.0,0.0,0.0,0.4877849519252777,0.0,0.09252676367759705,0.0,0.1944102644920349,0.015639862045645714,0.0,0.1559782475233078,0.0,0.0,0.0,0.0,0.0,Convince potential investors that the company offers investors a superior value proposition compared to competing companies
96,0.0,0.0,0.0,0.0,0.0,0.0,0.0,0.06511571258306503,0.0,0.8179450631141663,0.0,0.015551465563476086,0.02171196974813938,0.0,0.0,0.0,0.0,0.0,0.0,0.0,"Understand who your potential investors are, what they want to know, and what investment opportunities they look for before pursuing a binding agreement"
97,0.0,0.0,0.0,0.0,0.0,0.752282440662384,0.0,0.039649561047554016,0.0,0.013130086474120617,0.0,0.1077992245554924,0.019670866429805756,0.0,0.0,0.0,0.0,0.0,0.0,0.0,"Segment the capital market based on geographic, demographic, psychographic, and behavioral variables"
98,0.0,0.0,0.0,0.0,0.0,0.0,0.0,0.2197076678276062,0.0,0.013143807649612427,0.0,0.014104794710874557,0.6808269023895264,0.0,0.0,0.0,0.0,0.0,0.0,0.0,Translate your message into values and priorities that the targeted investors can readily relate and understand 
99,0.0,0.0,0.0,0.0,0.0,0.29412227869033813,0.0,0.04075188934803009,0.0,0.010261827148497105,0.0,0.011045431718230247,0.01582818664610386,0.0,0.07585512101650238,0.505126953125,0.0,0.0,0.0,0.0,Provide investors a compelling short-term financial value proposition and a vision of favorable medium- and longer-term value propositions
100,0.0,0.0,0.0,0.0,0.0,0.4470348656177521,0.0,0.048392556607723236,0.14334982633590698,0.013126920908689499,0.07118377089500427,0.014102817513048649,0.11338452249765396,0.0,0.0,0.0,0.09618178009986877,0.0,0.0,0.0,Develop investor value propositions describing the path to value creation in return for investors funds and confidence
101,0.0,0.0,0.0,0.0,0.0,0.0,0.0,0.051632460206747055,0.0,0.39643892645835876,0.1283654123544693,0.017326582223176956,0.024205466732382774,0.0,0.0,0.0,0.0,0.0,0.0,0.31203243136405945,"Assess any new business opportunities by assigning the highest priority to developing a new product, expanding to a new market as the second priority, and maintaining market share as the third priority"
102,0.0,0.0,0.0,0.0,0.0,0.5132233500480652,0.0,0.04950517788529396,0.0,0.014485275372862816,0.0,0.015564327128231525,0.02258143201470375,0.0,0.21063773334026337,0.0,0.0,0.0,0.10616462677717209,0.0,Focus resources where the customer value proposition and the investor value proposition matches investors criteria
103,0.0,0.010263917036354542,0.0,0.0,0.0,0.0,0.0,0.5736147165298462,0.2673063278198242,0.018250908702611923,0.0,0.019585486501455307,0.0273611880838871,0.0,0.0,0.0,0.0,0.0,0.0,0.01154910959303379,Unbundle the value chain and the jobs to be done within it to outsource lower value tasks to freelance workers and perform higher value tasks internally
104,0.01474177185446024,0.021448927000164986,0.0,0.01644197851419449,0.0,0.013791374862194061,0.016579169780015945,0.10897421836853027,0.01371235866099596,0.3105807900428772,0.020415330305695534,0.04092859849333763,0.3296176493167877,0.012922745198011398,0.010068874806165695,0.010974199511110783,0.0,0.0,0.0,0.02413340099155903,Enable freelance workers to become world class service providers
105,0.4450347423553467,0.011802867986261845,0.0,0.0,0.0,0.0,0.0,0.3725486099720001,0.0,0.020987391471862793,0.011234091594815254,0.022561736404895782,0.031476132571697235,0.0,0.0,0.0,0.0,0.0,0.0,0.013281012885272503,Implement business processes that are entirely managed by software and continuously improve with use
106,0.011586155742406845,0.016857581213116646,0.0,0.01292241457849741,0.0,0.01083920057862997,0.22714662551879883,0.5126378536224365,0.010777099058032036,0.0299789197742939,0.01604529283940792,0.03239168971776962,0.04590535908937454,0.010156509466469288,0.0,0.0,0.0,0.0,0.0,0.01896916702389717,Use data as the foundation for how the company operates and makes decisions
107,0.020261798053979874,0.029480434954166412,0.011669215746223927,0.022598639130592346,0.0,0.018955526873469353,0.02278720587491989,0.1507660448551178,0.018846923485398293,0.052420999854803085,0.3977559208869934,0.056542810052633286,0.08207914233207703,0.01776164025068283,0.013839145191013813,0.015083465725183487,0.0,0.0,0.010051988065242767,0.033170104026794434,Use data and artificial intelligence to personalize offers to consumers
108,0.0,0.01388411782681942,0.0,0.010643060319125652,0.0,0.0,0.010731867514550686,0.2852037250995636,0.0,0.024689076468348503,0.013215068727731705,0.5169962644577026,0.03723882883787155,0.0,0.0,0.0,0.0,0.0,0.0,0.015624292194843292,"Sell in new domains where the company assets, capabilities and data can be easily moved to create value"
109,0.011586843058466911,0.23097534477710724,0.0,0.012923181056976318,0.0,0.010839843191206455,0.013031014241278172,0.2996968626976013,0.010777737945318222,0.029977289959788322,0.0160461887717247,0.24629037082195282,0.04494099318981171,0.010157112032175064,0.0,0.0,0.0,0.0,0.0,0.01896854303777218,Require directors to retain a portion of their compensation as equity
110,0.0,0.3631739318370819,0.0,0.10966842621564865,0.0,0.0,0.0,0.3347446024417877,0.09975578635931015,0.012002905830740929,0.0,0.012881511822342873,0.01798410527408123,0.0,0.0,0.0,0.0,0.0,0.0,0.0,"Enhance communication between investors, the top management team and the board of directors to increase returns to stakeholders and mitigate risks "
111,0.0,0.011802912689745426,0.0,0.0,0.0,0.0,0.0,0.0807829350233078,0.15744394063949585,0.599237322807312,0.011234312318265438,0.022537773475050926,0.03203652799129486,0.0,0.0,0.0,0.0,0.0,0.0,0.013284233398735523,Establish cross border partnerships with third party service providers to serve customers regionally and globally
112,0.0,0.13395753502845764,0.0,0.0,0.23217979073524475,0.0,0.0,0.07503721117973328,0.0,0.3236387372016907,0.0,0.01740221492946148,0.025337032973766327,0.12079059332609177,0.0,0.0,0.0,0.0,0.0,0.010220508091151714,"Deploy digital technology to simplify offers and overcome time, geographical and language barriers for customers"
113,0.0,0.12438929080963135,0.11893478780984879,0.0,0.0,0.0,0.29116085171699524,0.04838154837489128,0.0,0.01614793762564659,0.0,0.30740422010421753,0.024410709738731384,0.0,0.0,0.0,0.0,0.0,0.0,0.010217738337814808,Deploy efficient ecommerce technologies and automation to reduce company costs and lower prices of offers¬†
114,0.0,0.0,0.0,0.31260350346565247,0.0,0.0,0.0,0.5029447674751282,0.0,0.010246053338050842,0.0,0.011013919487595558,0.11124573647975922,0.0,0.0,0.0,0.0,0.0,0.0,0.0,"Enable employees, customers, users, investors and others to automatically extract information from company data for the purpose of decreasing costs and adding value to stakeholders "
115,0.0,0.07888511568307877,0.0,0.07895810902118683,0.0,0.0,0.0,0.1024123802781105,0.0,0.15763625502586365,0.0,0.010995013639330864,0.45177116990089417,0.07662203162908554,0.0,0.0,0.0,0.0,0.0,0.0,"Facilitate customer brand conversation prior to production, through social networks and forums to learn new demands and trends and enable co-creation of new products and services"
116,0.0,0.14063194394111633,0.0,0.0,0.0,0.3491179049015045,0.0,0.057017732411623,0.0,0.01825239695608616,0.14678514003753662,0.019587082788348198,0.03044668212532997,0.0,0.0,0.0,0.0,0.0,0.0,0.1758948564529419,Adapt value propositions to changes in customer segments
117,0.0,0.011803101748228073,0.0,0.11972575634717941,0.0,0.0,0.0,0.060262247920036316,0.0,0.020987827330827713,0.011234508827328682,0.022608457133173943,0.48081836104393005,0.0,0.0,0.0,0.0,0.0,0.0,0.2024204283952713,"Introduce new offers often, monitor changes in sales closely, and remove offers that do not sell quickly"
118,0.09875943511724472,0.1010877713561058,0.0,0.0,0.0,0.0,0.0,0.0388747975230217,0.0,0.013146030716598034,0.0,0.15514138340950012,0.34579962491989136,0.0,0.0,0.19120919704437256,0.0,0.0,0.0,0.0,"Build a community around company brand, products and services, assemble community feedback and adapt"
119,0.0,0.011802871711552143,0.0,0.0,0.0,0.0,0.0,0.06340713798999786,0.0,0.02098974771797657,0.41503220796585083,0.3646544814109802,0.031647227704524994,0.0,0.0,0.0,0.0,0.0,0.0,0.013280733488500118,Create market specific brands and offers that resonate with local cultures
120,0.0,0.013883056119084358,0.0,0.010642250068485737,0.7012173533439636,0.0,0.010731052607297897,0.07766207307577133,0.0,0.02468843013048172,0.01321416161954403,0.026697730645537376,0.03794009983539581,0.0,0.0,0.0,0.0,0.0,0.0,0.015621691942214966,Deploy ecommerce resources to make company offers always accessible to everyone everywhere
121,0.2739037871360779,0.010264088399708271,0.13443180918693542,0.0,0.2637062072753906,0.0,0.0,0.0528937503695488,0.0,0.01825120858848095,0.0,0.01962561160326004,0.15086698532104492,0.0,0.0,0.0,0.0,0.0,0.0,0.011548705399036407,Deploy ecommerce resources to reduce costs and improve customer experience
122,0.0,0.19021308422088623,0.18184439837932587,0.01064338069409132,0.0,0.0,0.010732190683484077,0.07054205238819122,0.0,0.024688944220542908,0.013215451501309872,0.20284686982631683,0.03701288253068924,0.0,0.0,0.18346239626407623,0.0,0.0,0.0,0.015622269362211227,Build a community where each member supports the others rather than building many separate businesses 
123,0.0,0.011803057976067066,0.0,0.2467285841703415,0.0,0.0,0.0,0.06482170522212982,0.0,0.021008703857660294,0.01123427227139473,0.02254306524991989,0.5384398102760315,0.0,0.0,0.0,0.0,0.0,0.0,0.013281784951686859,"Apply ecommerce to provide customers with buying options that are quick, convenient, and user-friendly "
124,0.0,0.2467002272605896,0.0,0.0,0.0,0.0,0.0,0.04949682578444481,0.0,0.01615242473781109,0.0,0.017339423298835754,0.5905311107635498,0.0,0.0,0.0,0.0,0.0,0.0,0.01021809596568346,"Help customers save time and money by applying ecommerce to enable them to search products and services easily, make purchases and transfer money online"
125,0.0,0.0,0.0,0.0,0.0,0.0,0.12235242128372192,0.049706682562828064,0.0,0.01615799218416214,0.0,0.01734434999525547,0.5972707271575928,0.12079574167728424,0.0,0.0,0.0,0.0,0.0,0.010218131355941296,Provide customers an online catalog with detailed descriptions of offered products and services that helps them make purchasing decisions 
126,0.011585458181798458,0.016856586560606956,0.0,0.2896556258201599,0.0,0.010838547721505165,0.013029457069933414,0.4502539336681366,0.010776449926197529,0.029988324269652367,0.016044270247220993,0.03217686340212822,0.0458863265812397,0.010155897587537766,0.0,0.0,0.0,0.0,0.0,0.018968818709254265,"Attract traffic and new customers by targeting and retargeting users from search engines, referrals, adds and social media"
127,0.0,0.0,0.0,0.0,0.0,0.0,0.10970136523246765,0.20092393457889557,0.0,0.12631551921367645,0.0,0.015540311112999916,0.14885017275810242,0.10830441862344742,0.0,0.0,0.0,0.0,0.0,0.23104998469352722,"Engage customers to produce testimonials, reviews and ratings that help new customers to make purchasing decisions with knowledge of other customers experiences"
128,0.0,0.010264100506901741,0.0,0.6510004997253418,0.0,0.0,0.0,0.0567101389169693,0.0,0.018256690353155136,0.0,0.1538931429386139,0.027563128620386124,0.0,0.0,0.0,0.0,0.0,0.0,0.011548887006938457,Provide vendors and suppliers with the real-time analytics on views and sales required to boost their sales and profits 
129,0.3526066541671753,0.0,0.0,0.0,0.0,0.0,0.0,0.04613293334841728,0.0,0.01619342714548111,0.1258743852376938,0.017334410920739174,0.36788302659988403,0.0,0.0,0.0,0.0,0.0,0.0,0.010216763243079185,"Use a cross-channel customer-centric approach to provide a seamless, unified, and contextual customer experience, irrespective of device, channel, or platform of interaction"
130,0.2286105453968048,0.01685630902647972,0.0,0.012921439483761787,0.0,0.010838381946086884,0.013029257766902447,0.0856407955288887,0.010776285082101822,0.030032172799110413,0.016044028103351593,0.03216501325368881,0.4701812267303467,0.010155742056667805,0.0,0.0,0.0,0.0,0.0,0.018965985625982285,Make each channel a seamless brand extension to enable the customer to pick up the conversation on any channel in seamless and unified experiences
131,0.16211940348148346,0.0,0.0,0.11202257126569748,0.0,0.0,0.0,0.19474880397319794,0.0,0.011049254797399044,0.0,0.16328005492687225,0.30500468611717224,0.0,0.0,0.0,0.0,0.0,0.0,0.0,"Constantly increase average order value through discounted bundles, enable upsell on check out, set a free delivery threshold, offer cash backs, enhance personalized recommendations, and create loyalty programs based on spending tiers"
132,0.15803687274456024,0.01180320419371128,0.0,0.30862709879875183,0.0,0.0,0.0,0.059967685490846634,0.0,0.02125592716038227,0.011234423145651817,0.022522736340761185,0.18132759630680084,0.1570277214050293,0.0,0.0,0.0,0.0,0.0,0.013280452229082584,Increase order fulfillment and delivery capacity through partnering with third party service providers and acquiring drop shipping facilities 
133,0.0,0.01388423889875412,0.0,0.01064315252006054,0.0,0.0,0.010731959715485573,0.08662103116512299,0.0,0.20804031193256378,0.1895694136619568,0.02649782784283161,0.0371522381901741,0.0,0.0,0.0,0.0,0.0,0.0,0.3450855016708374,"Establish trust and positive rapport with your customers that leads to long-term, mutually beneficial business relationships "
134,0.0,0.011802851222455502,0.0,0.0,0.0,0.0,0.0,0.8093573451042175,0.0,0.021004434674978256,0.011234068311750889,0.02253960445523262,0.031595129519701004,0.0,0.0,0.0,0.0,0.0,0.0,0.013281241059303284,"Understand your customers, investors and other stakeholders business models, motivations, and industries "
135,0.0,0.0,0.0,0.0,0.0,0.0,0.1931336522102356,0.5996952056884766,0.0,0.013128979131579399,0.0,0.014088628813624382,0.01973739080131054,0.0,0.0,0.0,0.09619183838367462,0.0,0.0,0.0,"Understand your customers, investors and other stakeholders social and cultural norms, personal accomplishments, and business communication styles"
136,0.0202618520706892,0.029480556026101112,0.011669246479868889,0.02259870432317257,0.0,0.018955577164888382,0.022787267342209816,0.1703333854675293,0.018846973776817322,0.052449729293584824,0.028059884905815125,0.0562766008079052,0.07937078922986984,0.01776168867945671,0.013839181512594223,0.01508350670337677,0.0,0.0,0.010052015073597431,0.3862439692020416,Always think from your customers perspective (organizationally and personally)
137,0.032391004264354706,0.047128140926361084,0.01865469291806221,0.03612673655152321,0.013803141191601753,0.03030276671051979,0.03642818331718445,0.23944148421287537,0.030129151418805122,0.0838015004992485,0.044857095927000046,0.08992938697338104,0.12563268840312958,0.028394192457199097,0.02212359383702278,0.024112796410918236,0.015833338722586632,0.011814234778285027,0.016069352626800537,0.053026534616947174,Always search for a win-win scenario
138,0.0,0.013884271495044231,0.0,0.01064316276460886,0.0,0.0,0.010731969960033894,0.7752220034599304,0.0,0.024711256846785545,0.013215201906859875,0.026605911552906036,0.037587720900774,0.0,0.0,0.0,0.0,0.0,0.0,0.015624076128005981,"Give your customers, investors, and stakeholders a good reason to like and trust you and your company"
139,0.011585641652345657,0.016856856644153595,0.0,0.012921844609081745,0.0,0.010838719084858894,0.013029662892222404,0.09808316826820374,0.010776620358228683,0.02999109961092472,0.23014681041240692,0.25718724727630615,0.04540032148361206,0.010156058706343174,0.0,0.0,0.0,0.0,0.0,0.20924179255962372,Adjust your mood to match your customers moods and work to find common ground to build familiarity
140,0.011585649102926254,0.016856888309121132,0.0,0.012921851128339767,0.0,0.010838725604116917,0.013029671274125576,0.727570116519928,0.010776626877486706,0.030009161680936813,0.016044532880187035,0.03220849484205246,0.04524938762187958,0.010156064294278622,0.0,0.0,0.0,0.0,0.0,0.018968705087900162,"Show unselfish behaviour towards customers, investors and other stakeholders with whom you interact"
141,0.12157150357961655,0.0,0.0,0.0,0.0,0.0,0.0,0.3275986909866333,0.0,0.01616489142179489,0.0,0.017381375655531883,0.024970615282654762,0.12455812096595764,0.0,0.0,0.0,0.0,0.0,0.300821989774704,"Actively shape customers, investors and stakeholders expectations about the company and its products"
142,0.0,0.013884596526622772,0.0,0.01064341701567173,0.0,0.0,0.010732225142419338,0.08277569711208344,0.0,0.02470443584024906,0.189559668302536,0.02650635503232479,0.5537925362586975,0.0,0.0,0.0,0.0,0.0,0.0,0.015624947845935822,"Listen to your customers, take their feedback seriously, and adjust operations as needed"
143,0.0,0.011803550645709038,0.0,0.0,0.0,0.0,0.0,0.06399509310722351,0.0,0.17255540192127228,0.011234777048230171,0.022605085745453835,0.46549883484840393,0.16694709658622742,0.0,0.0,0.0,0.0,0.0,0.013281517662107944,Customize ideal next steps to coordinate activities between new company and customer 
144,0.0,0.0,0.0,0.0,0.0,0.0,0.0,0.03795287385582924,0.0,0.10161734372377396,0.17285600304603577,0.12542298436164856,0.2136945128440857,0.0,0.0,0.0,0.0,0.0,0.0,0.29645100235939026,"Establish a well-rehearsed, concise, and irresistible way to communicate the benefits and differentiation of your companys product and service offers, how products and services can be tailored to customers requirements, and how offers contribute to customers achieving their organizational and personal goals"
145,0.0,0.042711202055215836,0.0,0.0,0.0,0.11472560465335846,0.0,0.24937549233436584,0.0,0.1216060146689415,0.0,0.2566607892513275,0.1899447739124298,0.0,0.0,0.0,0.0,0.0,0.0,0.0,"To embody behaviours you wish others to adopt, dedicate a portion of each day to grow customer base and actively search for new opportunities, focus efforts and conversations on how the company is going to create and deliver value to new and existing customers, craft irresistible customer value propositions that you and your salespeople can use to attract new customers, and set specific, measurable, attainable, relevant, and timely objectives (SMART) that align company, customer, investor and partner interests and skills"
146,0.014742213301360607,0.02144956961274147,0.0,0.016442466527223587,0.0,0.013791787438094616,0.01657966524362564,0.10897748172283173,0.013712769374251366,0.03814081847667694,0.02041594125330448,0.040929824113845825,0.6020468473434448,0.012923131696879864,0.01006917655467987,0.010974528267979622,0.0,0.0,0.0,0.02413412369787693,"Recognize and drive achievements through public display of rewards, status and praise"
147,0.09350164979696274,0.0,0.0,0.320564329624176,0.0,0.0,0.16319169104099274,0.03009352833032608,0.0,0.06327442079782486,0.0,0.2185499370098114,0.07894812524318695,0.0,0.0,0.0,0.0,0.0,0.0,0.0,"To encourage development of cultural norms which will enhance company performance, view negative events as opportunities to develop capabilities; reward peer collaboration and support; foster behaviour which helps to increase optimism, overcome adversity, and increase resiliency to failure; reward independent initiative to improve one‚Äôs own environment to enhance performance; and maintain a positive outlook on sales expectations to acquire new customers"
148,0.0,0.011803019791841507,0.15459033846855164,0.3088825047016144,0.0,0.0,0.1590358465909958,0.20974883437156677,0.0,0.020987682044506073,0.011234251782298088,0.0226296316832304,0.03146405145525932,0.0,0.0,0.0,0.0,0.0,0.0,0.013280244544148445,Design internal processes to increase information transfer and reduce job dissatisfaction 
149,0.0,0.013884414918720722,0.0,0.28383898735046387,0.0,0.0,0.010732082650065422,0.08467404544353485,0.0,0.4422306716442108,0.013215318322181702,0.026523800566792488,0.03750036656856537,0.0,0.0,0.0,0.0,0.0,0.0,0.015625104308128357,Increase access to new networks and customers for salespeople to connect with and sell to
150,0.0,0.0,0.05521528795361519,0.11533215641975403,0.0,0.0,0.0,0.3427903950214386,0.0,0.11097071319818497,0.0,0.0617959126830101,0.27752864360809326,0.0,0.0,0.0,0.0,0.0,0.0,0.0,"Increase access to up-to-date information about root causes of customer problems and needs; competitors products, value propositions and strategies; customer types and their business needs, buying logic, solution strategies; and markets and institutional environments"
151,0.0,0.01026503648608923,0.0,0.0,0.0,0.0,0.0,0.20672078430652618,0.0,0.14942874014377594,0.0,0.3742486238479614,0.027535703033208847,0.0,0.0,0.14686444401741028,0.0,0.0,0.0,0.011550111696124077,Instill a sense of purpose by pursuing a compelling vision for the company in the future
152,0.0,0.16171251237392426,0.0,0.0,0.0,0.0,0.33085158467292786,0.18800601363182068,0.0,0.02098887786269188,0.01123488787561655,0.17239198088645935,0.03146584704518318,0.0,0.0,0.0,0.0,0.0,0.0,0.013281002640724182,Align work environment and motivational mechanisms with cultural norms of people working in it
153,0.0,0.05552093684673309,0.0,0.23269721865653992,0.0,0.0,0.0,0.4051345884799957,0.0,0.11815055459737778,0.08962641656398773,0.0,0.01210835948586464,0.05324563384056091,0.0,0.0,0.0,0.0,0.0,0.0,"Train salespeople to absorb actionable market information, understand customers and competitors business models; craft irresistible value propositions; communicate customer value; identify high-value customers; increase situational awareness; use supportive technology; learn from personal and team successes and failures; and adapt to dynamic selling situations (think on your feet)"
154,0.26780858635902405,0.010263263247907162,0.0,0.0,0.0,0.0,0.26866650581359863,0.312863290309906,0.0,0.018249720335006714,0.0,0.019584212452173233,0.027378741651773453,0.0,0.0,0.0,0.0,0.0,0.0,0.011547758243978024,"To avoid sources of salespeople dissatisfaction with their jobs, clarify salesperson role and expectations; eliminate conflicting role tasks; incentivize salespeople sufficiently; ensure strong leadership is in place; train and support; ensure role on team is a good fit to personality type and cultural imprint of person filling it"
155,0.0,0.010264120064675808,0.0,0.30534809827804565,0.0,0.0,0.0,0.5365862846374512,0.0,0.018266718834638596,0.0,0.019605346024036407,0.0276153814047575,0.0,0.0,0.0,0.0,0.0,0.0,0.01155067142099142,"Use artificial intelligence to turn vast amounts of data and information into high value for customers, investors, users, and other stakeholders "
156,0.0,0.0,0.11893078684806824,0.12710200250148773,0.0,0.0,0.0,0.05549778789281845,0.0,0.016148773953318596,0.12943214178085327,0.017393646761775017,0.024376189336180687,0.0,0.0,0.0,0.0,0.0,0.0,0.4516715109348297,"Digitize as much of your company as you can to create value for customers, reduce costs, and increase security"
157,0.26776716113090515,0.010264307260513306,0.0,0.0,0.0,0.1429595649242401,0.0,0.05742345005273819,0.0,0.018285859376192093,0.14449447393417358,0.26439169049263,0.027654776349663734,0.0,0.0,0.0,0.0,0.0,0.0,0.011549804359674454,Brand the company and build the brand into one that has a strong market presence
158,0.10897482186555862,0.0,0.0,0.0,0.0,0.0,0.0,0.15813761949539185,0.0,0.014505145139992237,0.0,0.1552521139383316,0.4890519678592682,0.0,0.0,0.0,0.0,0.0,0.0,0.0,"Convince non-paying users to contribute to the development of the company products, channels, brand, and sources of competitive advantage "
159,0.011585782282054424,0.016857074573636055,0.0,0.01292200293391943,0.0,0.010838850401341915,0.013029821217060089,0.11010264605283737,0.010776751674711704,0.28544023633003235,0.016044719144701958,0.03218650445342064,0.40730294585227966,0.010156181640923023,0.0,0.0,0.0,0.0,0.0,0.018971839919686317,Deliver better performance on the metrics that customers care about
160,0.1858491599559784,0.013884701766073704,0.0,0.010643505491316319,0.0,0.0,0.010732317343354225,0.07113634794950485,0.0,0.02473524399101734,0.013215607963502407,0.37859609723091125,0.03701329603791237,0.1847018599510193,0.0,0.0,0.0,0.0,0.0,0.015623395331203938,Create a unique brand identity to differentiate from the competition
161,0.0,0.013883986510336399,0.0,0.19181686639785767,0.0,0.0,0.010731769725680351,0.07357483357191086,0.0,0.024691365659236908,0.013214951381087303,0.026558583602309227,0.03804468736052513,0.0,0.0,0.0,0.0,0.0,0.0,0.5357098579406738,Establish partnerships that increase the demand for products that complement the company product
162,0.0,0.010264371521770954,0.0,0.0,0.0,0.0,0.0,0.6910036206245422,0.14970283210277557,0.01833096332848072,0.0,0.019600724801421165,0.027476292103528976,0.0,0.0,0.0,0.0,0.0,0.0,0.01154977735131979,"Showcase the extent to which the companys scaling-orientation has produced tangible results for its customers, investors, stakeholders and communities"
163,0.0,0.0,0.0,0.23132367432117462,0.0,0.0275518037378788,0.0,0.25853732228279114,0.0,0.0,0.0,0.0,0.3745421767234802,0.0,0.0,0.0,0.025234265252947807,0.0,0.0,0.06226900964975357,"Integrate sales via website and social media platforms with companys sales strategy; provide information on companys products and services via social media platforms; drive audience and prospects to a company online presence (e.g., social media platforms, website pages, blogs, forums, etc.); enable communication and motivate audience engagement (e.g., use infographics and photos to capture and sustain interest on social media and encourage online audience to seek more information; make social media a primary or complementary sales channel; co-create value on social media platforms (e.g., engage customers and encourage them to offer their feedback and ideas regarding their experience with the product/service); and provide real-time pricing and services"
164,0.0,0.0,0.0,0.0,0.0,0.0,0.0,0.2500845789909363,0.0,0.2722953259944916,0.1054874137043953,0.0,0.13664591312408447,0.0,0.0,0.0,0.0,0.0,0.0,0.1969691962003708,"Promote the companys achievements to date (e.g., awards, high-profile endorsements from established companies, sales, alliances, interactions with potential customers around prototypes); strength of companys scaling mater plan; and the companys potential to create local jobs, contribute to social goals and objectives, advance existing knowledge, and provide technological breakthroughs and patents"
165,0.0,0.0,0.0,0.0,0.0,0.0,0.0,0.5276948809623718,0.0,0.0,0.07584012299776077,0.13189737498760223,0.19922766089439392,0.0,0.0,0.03759190812706947,0.0,0.0,0.0,0.0,"To gain distinctive legitimacy in the eyes of stakeholders, attract customers, preferably well-known customers; balance stakeholders interests and satisfy their concerns; engage in communities comprised of customers and suppliers that are key to scaling your companys value; engage with powerful and recognizable actors (e.g., corporate elites, business leaders, prominent investors, university researchers); build a strong team; promote the founders‚Äô reputations, experiences, backgrounds, and passion; provide visible signals that the top management team has the capabilities to execute; and provide visible signals you have the parts in place to scale the company"
166,0.05645684525370598,0.0,0.0,0.0,0.0,0.0,0.16394060850143433,0.09040170907974243,0.0,0.0,0.3632371127605438,0.0,0.22574207186698914,0.0,0.0,0.055716972798109055,0.0,0.0,0.0,0.0,"To gain distinctive legitimacy in the eyes of the local community, set goals and operate using methods that comply with formal regulations and legal requirements for private entities (e.g., tax authorities and regulatory agencies) as well as stablished law, rules, principles, or standards; behave in a way that fits expectations about what your company should look like, how it should behave, and the norms and values of society to which it should be attached, and the performance and professionalism levels of a company operating in its field; establish a familiar organizational structure and managerial roles; communicate symbols or values that imply legitimacy; and develop relationships with dominant and well-respected local organizations"
167,0.0631830096244812,0.0,0.0,0.0,0.0,0.0,0.0,0.15168622136116028,0.0,0.3632199168205261,0.1818343698978424,0.0,0.012634826824069023,0.0,0.0,0.0,0.0,0.0,0.0,0.18526510894298553,"To show the companys technical and knowledge expertise, develop and demonstrate a product or service prototype; demonstrate how technology and knowledge experience contribute to the companys scaling master plan; enhance the academic and technical reputation of the team; ensure that the companys proposed technological concept is valid; and contribute to university research projects"
168,0.01474189106374979,0.021449102088809013,0.0,0.016442108899354935,0.0,0.013791486620903015,0.01657930389046669,0.10897500067949295,0.013712470419704914,0.03813998028635979,0.020415496081113815,0.5858063101768494,0.05717827379703522,0.01292285043746233,0.010068956762552261,0.010974288918077946,0.0,0.0,0.0,0.024133596569299698,Select and retain a consistent identity for the multiple audiences with which you interact
169,0.01474209874868393,0.02144940383732319,0.0,0.01644233986735344,0.0,0.013791680335998535,0.016579538583755493,0.38140544295310974,0.01371266320347786,0.038140520453453064,0.020415784791111946,0.04092950001358986,0.3296211361885071,0.01292303204536438,0.010069099254906178,0.010974443517625332,0.0,0.0,0.0,0.024133937433362007,"Contribute to the creation of public goods such as open source code, standards and test beds"
170,0.0,0.0,0.0,0.0,0.0,0.0,0.0,0.20608484745025635,0.0,0.0,0.30230316519737244,0.0,0.16906507313251495,0.06282881647348404,0.0,0.0,0.06157153099775314,0.0,0.0,0.148748978972435,"To globalize the local, develop core product that can be readily disseminated worldwide; integrate local innovation into global themes, products and services; insert local actors into global communication systems; and learn from multiple local experiences"
171,0.0,0.10108903795480728,0.0,0.0,0.0,0.0,0.0,0.5060641169548035,0.0,0.013121567666530609,0.10073935985565186,0.01407956425100565,0.20710159838199615,0.0,0.0,0.0,0.0,0.0,0.0,0.0,"To localize the global, innovate locally leveraging global standards that enable interoperability, portability, and reusability, and adapt global products to integrate into local context"
172,0.0,0.08076167851686478,0.0,0.0,0.0,0.0,0.0,0.13758054375648499,0.0,0.01024456974118948,0.5027738213539124,0.010997678153216839,0.21252261102199554,0.0,0.0,0.0,0.0,0.0,0.0,0.0,"To migrate the local, develop a replicable formula to repeat what worked in one local in many others; identify dimensions describing a local and what locals can be easily migrated; attract customers to invest in the development of localized offers; and engage the right local people"
173,0.0,0.0,0.0,0.11782985180616379,0.0,0.0,0.0,0.6534849405288696,0.0,0.014476845972239971,0.0,0.015538472682237625,0.0218347180634737,0.10830903798341751,0.0,0.0,0.0,0.0,0.0,0.0,"To disseminate the global, increase communications with global agents, and learn from global agents how to improve the global offer "
174,0.014742601662874222,0.021450135856866837,0.0,0.016442900523543358,0.0,0.013792150653898716,0.01658010296523571,0.653835654258728,0.013713131658732891,0.03814181685447693,0.020416544750332832,0.040930893272161484,0.05718100070953369,0.012923472560942173,0.010069441981613636,0.010974817909300327,0.0,0.0,0.0,0.024134758859872818,Innovate in scalable niche markets that are underserved
175,0.0,0.0,0.0,0.0,0.0,0.0,0.0,0.043807294219732285,0.0,0.014478185214102268,0.0,0.3754631280899048,0.48657920956611633,0.0,0.0,0.0,0.0,0.0,0.0,0.0,Focus on company differentiators and build upon complementary products that satisfy company needs and are not part of the company competencies
176,0.011585664004087448,0.01685686595737934,0.0,0.012921866029500961,0.0,0.01083874050527811,0.013029688037931919,0.09174936264753342,0.010776640847325325,0.029978478327393532,0.01604458875954151,0.03231973573565483,0.6809900403022766,0.010156078264117241,0.0,0.0,0.0,0.0,0.0,0.018968109041452408,Simplify the complementarity of the company products and services
177,0.011585940606892109,0.016857268288731575,0.0,0.012922175228595734,0.0,0.010838999412953854,0.013030000030994415,0.5285114049911499,0.010776898823678493,0.029974954202771187,0.2135557383298874,0.03233658894896507,0.046701401472091675,0.010156320407986641,0.0,0.0,0.0,0.0,0.0,0.01896706596016884,Ensure offers are scalable and meet rigorous reliability metrics
178,0.2256879210472107,0.01685703545808792,0.0,0.012922000139951706,0.0,0.010838848538696766,0.013029818423092365,0.08564415574073792,0.01077674888074398,0.029999686405062675,0.01604471541941166,0.03218884766101837,0.4731021523475647,0.010156179778277874,0.0,0.0,0.0,0.0,0.0,0.018967239186167717,Provide platforms that are client centric and highly customizable
179,0.1580231785774231,0.01180233247578144,0.0,0.0,0.0,0.0,0.0,0.06998900324106216,0.0,0.02099040150642395,0.5997320413589478,0.022700034081935883,0.03241202235221863,0.0,0.0,0.0,0.0,0.0,0.0,0.013280770741403103,"Operate a platform that is simple to use, attracts a very large market, and enables the company to control the quality of the offers traded on the platform"
180,0.011585627682507038,0.016856811940670013,0.0,0.012921825051307678,0.0,0.01083870604634285,0.013029647059738636,0.0858227089047432,0.010776607319712639,0.02997414395213127,0.369923859834671,0.03221789374947548,0.33314546942710876,0.01015604566782713,0.0,0.0,0.0,0.0,0.0,0.01896655187010765,Use data obtained from third-party platforms to adjust your companys offers
181,0.011585531756281853,0.4442121386528015,0.0,0.012921717949211597,0.0,0.010838616639375687,0.01302953902631998,0.08650638908147812,0.010776517912745476,0.029973896220326424,0.01604437083005905,0.03216570243239403,0.2590394914150238,0.010155961848795414,0.0,0.0,0.0,0.0,0.0,0.018966395407915115,Enable partners to leverage your companys platform to make money 
182,0.0,0.0,0.0,0.0,0.0,0.0,0.0,0.40397578477859497,0.0,0.13148191571235657,0.2274482548236847,0.017332471907138824,0.13954126834869385,0.0,0.0,0.0,0.0,0.0,0.0,0.010217568837106228,Involve your preferred stakeholders in decision‐making to clarify objectives and develop different sets of alternative actions to achieve your business outcomes
183,0.0,0.0,0.0,0.0,0.0,0.0,0.21309632062911987,0.3515702188014984,0.0,0.13502411544322968,0.0,0.015584970824420452,0.21134240925312042,0.0,0.0,0.0,0.0,0.0,0.0,0.0,Enable your preferred stakeholders to provide insights into the best ways for your organization to manage complex decision making processes and make choices that allow it to scale rapidly
184,0.0,0.0,0.0,0.0,0.0,0.0,0.0,0.3018835783004761,0.28770455718040466,0.016146166250109673,0.0,0.28700482845306396,0.02420581877231598,0.0,0.0,0.0,0.0,0.0,0.0,0.010217299684882164,"Use preferred stakeholder input to develop strategies required to address business risks, successfully manage interruptions, delays, and disruptions"
185,0.09878821671009064,0.0,0.0,0.0,0.0,0.0,0.1931208223104477,0.31863903999328613,0.0,0.1088012233376503,0.0,0.01411669421941042,0.20510101318359375,0.0,0.0,0.0,0.0,0.0,0.0,0.0,"Involve preferred stakeholders in decision making about launching products, meeting client expectations and developing new ways of providing services to help the business scale rapidly"
186,0.0,0.0,0.0,0.0,0.0,0.0,0.0780530571937561,0.6138637661933899,0.0,0.010241162031888962,0.0,0.011127135716378689,0.1616559624671936,0.0,0.0,0.0,0.0750826820731163,0.0,0.0,0.0,"To achieve growth in the short term, enable communication and involvement of preferred stakeholders, create value with them and ensure that their interests align with your strategic decisions"
187,0.0,0.0,0.0,0.10965142399072647,0.0,0.0,0.10970333218574524,0.24817374348640442,0.0,0.1178814247250557,0.1111585795879364,0.01554375234991312,0.02170308120548725,0.10830722004175186,0.0,0.0,0.10612909495830536,0.0,0.0,0.0,"Establish trustful and cooperative relationships with preferred stakeholders to increase chances for organizational success, contribute new knowledge and insights that shape informed decisions and successful execution of strategies"
188,0.0,0.0,0.0,0.0,0.0,0.0,0.0,0.4681461751461029,0.0,0.010241925716400146,0.0,0.010996399447321892,0.1189495399594307,0.14976906776428223,0.0,0.0,0.0,0.0,0.0,0.19548529386520386,"To pursue innovation, purchase your key products from a single supplier or a handful of suppliers with whom you can enter a partnering style collaborative relationship, i.e., integrate key suppliers into your new product development or continuous improvement processes"
189,0.0903007909655571,0.0,0.0,0.16494357585906982,0.0,0.0,0.0,0.05165833234786987,0.0,0.011997215449810028,0.1740744709968567,0.10161612927913666,0.018281586468219757,0.08974887430667877,0.0,0.0,0.0,0.0,0.0,0.2592441439628601,Seek relationships with suppliers who can increase your product and project success by mobilizing their capabilities to innovate and develop products when involved in the innovation process early on
190,0.0,0.0,0.0,0.0,0.0,0.0,0.09937882423400879,0.5016995072364807,0.0,0.013123228214681149,0.0,0.20580090582370758,0.019783953204751015,0.0,0.0,0.0,0.09618865698575974,0.0,0.0,0.0,"Select suppliers that carefully integrate environmental and social concerns to support their customers through increased efficiency, fewer operational disruptions, less reputational consequences, or a robust image"
191,0.13731792569160461,0.010264012962579727,0.0,0.0,0.0,0.0,0.0,0.06754110008478165,0.0,0.01825457066297531,0.0,0.019588381052017212,0.027554908767342567,0.0,0.13518951833248138,0.0,0.0,0.0,0.0,0.5175315141677856,Work closely with preferred customers to co‐create and co‐improve the value proposition that defines the best business transaction experience for all other customers 
192,0.0,0.0,0.0,0.0,0.0,0.09229537099599838,0.0,0.47940605878829956,0.0,0.0797109454870224,0.0,0.1488340049982071,0.014347509481012821,0.0,0.13885614275932312,0.0,0.0,0.0,0.0,0.0,Use an investor-type value proposition to convince customers to make a purchase and invest in the definition and improvement of the value proposition for possible future purchases that mutually enhance the business transaction experiences 
193,0.0,0.0,0.0,0.0,0.0,0.06701681017875671,0.0,0.0923183485865593,0.04977503791451454,0.10971130430698395,0.06859001517295837,0.18133001029491425,0.20483413338661194,0.19150666892528534,0.0,0.0,0.0,0.0,0.0,0.0,"To scale early and rapidly, new companies need to engage with multiple preferred stakeholder groups to efficiently operate across borders, innovate relentlessly, profitably adopt emerging technologies, and execute capital investment programs that enable them to meet aggressive growth objectives"
194,0.0,0.0,0.0,0.0,0.0,0.0,0.12227750569581985,0.5871402621269226,0.0,0.016155196353793144,0.0,0.01746075414121151,0.02434920147061348,0.0,0.0,0.0,0.0,0.0,0.0,0.16098980605602264,"To scale your company, target socially responsible investors who seek both profit and social impact"
195,0.15802328288555145,0.01180275995284319,0.0,0.0,0.0,0.0,0.0,0.06814928352832794,0.0,0.02099035307765007,0.01123399194329977,0.22769157588481903,0.03154659643769264,0.0,0.0,0.0,0.0,0.0,0.0,0.3994893431663513,Analyze past orders and expectations of future business to create and maintain a list of preferred customers
196,0.0,0.0,0.0,0.0,0.0,0.0,0.0,0.06601732224225998,0.0,0.1382094919681549,0.0,0.01737932115793228,0.22711734473705292,0.0,0.0,0.0,0.0,0.0,0.11842015385627747,0.357308030128479,"To attract preferred customers your company should allocate resources preferentially by customizing its products according to these customers wishes, offer innovations and privileged treatment"
197,0.0,0.0,0.0,0.0,0.0,0.0,0.0,0.036767855286598206,0.26137790083885193,0.21458549797534943,0.0,0.012895394116640091,0.018265949562191963,0.0,0.0,0.0,0.0,0.0,0.0,0.4019932150840759,"Consider your loyal customers as preferred customers as they tend to provide higher profits, higher return on investment, new revenue streams, referral business and brand advocacy"
198,0.0,0.0,0.0,0.0,0.0,0.0,0.0,0.42303138971328735,0.0,0.012009313330054283,0.0,0.30063724517822266,0.018105655908584595,0.18426111340522766,0.0,0.0,0.0,0.0,0.0,0.0,"To scale early and rapidly in a competitive market, select investors that are aligned with your company interest and are willing to invest in new initiatives that lead company to success"
199,0.07184000313282013,0.0,0.0,0.0,0.0,0.4529886543750763,0.0,0.2643445134162903,0.0,0.0,0.051141299307346344,0.010284475982189178,0.09956920146942139,0.0,0.0,0.0,0.0,0.0,0.0,0.0,To successfully implement your company scaling master plan develop value propositions for investors and resource owners first as these stakeholders have a core role in organizations value creation
200,0.0,0.0,0.0,0.0,0.0,0.0,0.0,0.02878629043698311,0.15623193979263306,0.0,0.07475598156452179,0.6025419235229492,0.014346310868859291,0.0,0.0,0.07254458963871002,0.0,0.0,0.0,0.0,"To convince new investors to fund the financial needs of your company, create a compelling image of your organization future and be prepared to demonstrate that their return on investment will exceed risks associated with it "
201,0.0,0.0,0.0,0.0,0.0,0.0,0.0,0.04893067851662636,0.13900281488895416,0.6874505877494812,0.0,0.01735568419098854,0.024205850437283516,0.0,0.0,0.0,0.0,0.0,0.0,0.010216757655143738,Make sure your investors benefit more from their investment than a reasonable balance between risk and return; make them feel pride on their investment and make sure it is better than other opportunities
202,0.0,0.010264003649353981,0.0,0.0,0.0,0.524552583694458,0.0,0.05567549169063568,0.0,0.01825106143951416,0.0,0.2802239656448364,0.027452955022454262,0.0,0.0,0.0,0.0,0.0,0.0,0.011548838578164577,Before crafting investor value propositions identify the best type of funding that can fulfill your organizational financial needs 
203,0.0,0.011803025379776955,0.0,0.0,0.0,0.0,0.0,0.3285631239414215,0.0,0.021009592339396477,0.011234226636588573,0.2036399096250534,0.33128342032432556,0.0,0.0,0.0,0.0,0.0,0.0,0.013280289247632027,"Make connections and appeals to investors based on data about their habits, desires, interests, and affiliations "
204,0.0,0.01026416290551424,0.0,0.0,0.0,0.0,0.0,0.44325539469718933,0.0,0.27899014949798584,0.0,0.019585954025387764,0.15772302448749542,0.0,0.0,0.0,0.0,0.0,0.0,0.01154937595129013,Use recruitment value propositions that attract employees whose values and objectives are aligned with the overall objective of your organization
205,0.0,0.011802703142166138,0.0,0.0,0.0,0.0,0.0,0.4848741292953491,0.0,0.020988378673791885,0.33546486496925354,0.02260664850473404,0.03179827705025673,0.0,0.0,0.0,0.0,0.0,0.0,0.013280535116791725,"Develop active policies to communicate, educate, motivate, and align employees with your company strategy "
206,0.0,0.0,0.0,0.0,0.0,0.0,0.0,0.2006782591342926,0.0,0.5324968695640564,0.0,0.015610434114933014,0.1715431958436966,0.0,0.0,0.0,0.0,0.0,0.0,0.0,"To achieve your company scaling objectives, keep your high performing employees and subject matter experts always happy and motivated better than any potential competitors"
207,0.0,0.013883962295949459,0.0,0.010642945766448975,0.0,0.0,0.010731752030551434,0.42323291301727295,0.0,0.024687938392162323,0.01321491226553917,0.026493212208151817,0.2133578360080719,0.0,0.1828770488500595,0.0,0.0,0.0,0.0,0.015622181817889214,A winning value proposition aims at motivating and retaining those employees who are best equipped to help achieve the goals of the organization
208,0.0,0.0,0.0,0.0,0.0,0.2865228056907654,0.0,0.3805002272129059,0.0,0.01447595190256834,0.0,0.015537826344370842,0.02170189656317234,0.2117331176996231,0.0,0.0,0.0,0.0,0.0,0.0,"Make consistent efforts to structure human resource strategies, procedures, and policies to further the aim of enhancing your employee value propositions since as a reliable source of saleable organizational value that has the desirable outcome of improving employee retention"
209,0.0,0.0,0.0,0.07558508217334747,0.0,0.0,0.0,0.27796751260757446,0.0,0.0,0.0,0.010264048352837563,0.24786747992038727,0.0,0.0,0.0,0.0,0.0,0.0,0.33640608191490173,To increase value co-creation with customers your company should create value propositions that encourage front line employees to motivate customers to participate in value co-creation
210,0.0,0.0,0.0,0.0,0.0,0.09944604337215424,0.0,0.35040462017059326,0.0,0.09535093605518341,0.0,0.01187698170542717,0.22825975716114044,0.08266733586788177,0.08184212446212769,0.0,0.0,0.0,0.0,0.0,Understand your frontline employee motivation to fit their value proposition to co-creation context and offer services that encourage resource integration of employees and customers during a service interaction 
211,0.014741982333362103,0.02144923433661461,0.0,0.016442209482192993,0.0,0.013791571371257305,0.016579406335949898,0.38140785694122314,0.013712555170059204,0.3105793595314026,0.020415622740983963,0.04092917591333389,0.05717861279845238,0.012922929599881172,0.01006901916116476,0.010974355973303318,0.0,0.0,0.0,0.024136988446116447,Seek to gain a preferred supplier status to gain a larger share of business
212,0.0,0.0,0.037269409745931625,0.0,0.0,0.0,0.03833598643541336,0.5784232020378113,0.0,0.07866799086332321,0.0,0.0,0.1431279331445694,0.0,0.0,0.0,0.0,0.0,0.0,0.09742581844329834,"The main reasons that push a manufacturer toward its suppliers include but are not limited to manufacturers preference to: become less vertically integrated and focus on their core competencies; have the industry best standards and practices adopted through specialized suppliers’ knowledge and expertise; achieve competitive advantages by associating with the dedicated partner; become resilient to the external influences like economic crisis, political uncertainty, changing policies, rules and regulations; face supply chain disruptions due to environmental disasters; reduce the opportunistic behavior of the suppliers; compress the lead time as well as after sale service time; face the challenge of reduced product life cycles; attract and satisfy the increasingly demanding customers; face the increased competition in providing or capable of providing similar kind of advantages in the products/services; gain contract incentives from the suppliers; to ensure product availability and to protect bargaining power; and, reengineer the manufacturing systems as per lean, agile, le-agile and green manufacturing principles "
213,0.0,0.0,0.08835816383361816,0.17654584348201752,0.0,0.0,0.17657151818275452,0.2913248538970947,0.0,0.09768036007881165,0.0,0.012889750301837921,0.1036672368645668,0.0,0.0,0.0,0.0,0.0,0.0,0.0,"Achieve preferred supplier status to ensure long-term collaboration, reduce internal cost, increase sales, gain assistance and learning opportunities, more business, and economies of scale "
214,0.0,0.01180288940668106,0.0,0.0,0.0,0.0,0.0,0.372188925743103,0.0,0.020987438037991524,0.011234124191105366,0.3099428415298462,0.18137730658054352,0.0,0.0,0.0,0.0,0.0,0.0,0.013280819170176983,Encourage outstanding skills and competences of employees to proactively create a positive impact on your customer base 
215,0.0,0.06714963912963867,0.0,0.0,0.0,0.0,0.0,0.12034580111503601,0.0,0.1565425544977188,0.08008290082216263,0.2907639145851135,0.1668466031551361,0.0,0.0,0.07609588652849197,0.0,0.0,0.0,0.0,Build trustworthy relationships with partners to better address customer needs and establish a clear vision where benefits and growth opportunities are provided to enable commercial legitimacy 
216,0.0,0.12508291006088257,0.0,0.010643058456480503,0.0,0.0,0.010731865651905537,0.4877786934375763,0.0,0.024688197299838066,0.013215051963925362,0.02649349346756935,0.03761450946331024,0.0,0.18287396430969238,0.0,0.0,0.0,0.0,0.015622258186340332,Pick partners depending on their clear and adequate preparation of the value proposition they offer 
217,0.0,0.010265318676829338,0.0,0.0,0.0,0.0,0.0,0.5438557863235474,0.0,0.3087320923805237,0.0,0.019604194909334183,0.02736184187233448,0.0,0.0,0.0,0.0,0.0,0.0,0.011548825539648533,"Your goals and objectives should be aligned not only with your investors, suppliers, partners, and employees but also with that of relevant governments "
218,0.18589992821216583,0.013884147629141808,0.0,0.010643087327480316,0.0,0.0,0.01073189452290535,0.4232392907142639,0.0,0.024688266217708588,0.013215087354183197,0.02649356797337532,0.21335090696811676,0.0,0.0,0.0,0.0,0.0,0.0,0.015622448176145554,"Limitations in budget might demand to determine value for multiple stakeholders, including government agencies "
219,0.352247953414917,0.0,0.0,0.21408860385417938,0.0,0.0,0.0,0.06967336684465408,0.0,0.1314692497253418,0.0,0.13265572488307953,0.024206174537539482,0.0,0.0,0.0,0.0,0.0,0.0,0.010216864757239819,"Continually evaluate your suppliers based on cost, delivery, quality, delivery lead time, health safety information and cash flow "
220,0.12157358229160309,0.0,0.0,0.0,0.0,0.0,0.0,0.16146491467952728,0.12113525718450546,0.016146650537848473,0.0,0.3622813820838928,0.0252497848123312,0.0,0.0,0.1199801042675972,0.0,0.0,0.0,0.01021682657301426,Choose suppliers who possess a wide range of capabilities including financial services and environmentally friendly capabilities 
221,0.0,0.013884260319173336,0.0,0.010643175803124905,0.0,0.0,0.010731982067227364,0.4232371151447296,0.18522514402866364,0.024688463658094406,0.013215195387601852,0.20284126698970795,0.03701214864850044,0.0,0.0,0.0,0.0,0.0,0.0,0.015622974373400211,Build a relationship with your suppliers instead of just seeking business transactions with them 
222,0.014741591177880764,0.021448666229844093,0.0,0.016441788524389267,0.0,0.013791206292808056,0.01657896675169468,0.3814142644405365,0.01371219102293253,0.0381392240524292,0.020415080711245537,0.3133730888366699,0.05717724934220314,0.012922586873173714,0.010068751871585846,0.010974065400660038,0.0,0.0,0.0,0.02413310669362545,"Work with suppliers who can attract and retain the best resellers within your distribution channel, thereby reducing the need for switching resellers and incurring the associated switching costs"
223,0.0,0.01026497595012188,0.0,0.0,0.0,0.0,0.0,0.5565844178199768,0.0,0.01825127936899662,0.0,0.019588898867368698,0.02736174315214157,0.13655796647071838,0.0,0.0,0.0,0.0,0.0,0.1589430719614029,Supplier management should take measures to convey how the supplier activities are creating added value for reseller partners and to track the reseller relationship with the supplier
224,0.0,0.0,0.0,0.0,0.0,0.0,0.0,0.5074643492698669,0.0,0.24680964648723602,0.0,0.017327142879366875,0.13953787088394165,0.0,0.0,0.0,0.0,0.0,0.0,0.010217086412012577,Share ownership with employees who can enhance value creation to benefit stakeholders
225,0.0,0.010264094918966293,0.0,0.0,0.0,0.0,0.0,0.18684887886047363,0.0,0.018251223489642143,0.27182722091674805,0.01959140971302986,0.41280654072761536,0.0,0.0,0.0,0.0,0.0,0.0,0.011548712849617004,Manage customer portfolio to develop and maintain customer relationships that ensure stable long term profitability of the firm 
226,0.0,0.0,0.0,0.0,0.0,0.0,0.1481287181377411,0.5074593424797058,0.12112810462713242,0.016146220266819,0.0,0.01735937036573887,0.024205895140767097,0.0,0.0,0.0,0.0,0.0,0.09263267368078232,0.010216761380434036,Make sure stakeholders reconcile divergent interests by making strategic decisions and allocating strategic resources aligned with all stakeholder interests
227,0.0,0.07931003719568253,0.0,0.0,0.0,0.0,0.0,0.30712345242500305,0.0,0.010241854004561901,0.0,0.011001602746546268,0.26868748664855957,0.0,0.07585465162992477,0.0,0.0,0.0,0.0,0.20636413991451263,"Enable product co-creation so that both your company and customers invest money, time, effort, and reputation to produce the customer value proposition that anchors or will anchor their business transactions "
228,0.0,0.07930953800678253,0.0,0.0,0.0,0.0,0.0,0.30685827136039734,0.0,0.010241853073239326,0.0,0.011001596227288246,0.26865366101264954,0.0,0.07585465162992477,0.0,0.0,0.0,0.0,0.20666368305683136,"Enable product co-creation so that both your company and customers invest money, time, effort, and reputation to produce the customer value proposition that anchors or will anchor their business transactions "
229,0.0,0.010263952426612377,0.0,0.0,0.0,0.0,0.0,0.1868629902601242,0.14689554274082184,0.2764681279659271,0.258709192276001,0.019591165706515312,0.027361279353499413,0.0,0.0,0.0,0.0,0.0,0.0,0.011548553593456745,Develop organizational routines for identifying and selecting collaboration opportunities to attain higher levels of competitive advantage from your relationships with your supplier base 
